Amazon,2023-09-09T23:15,2023-09-09T23:59,Andy,KV09 7RA,ARCHIVED
Amazon,2023-09-09T23:20,2023-09-09T23:59,Mark,KG11 6AZ,ARCHIVED
Amazon,2023-09-09T23:30,2023-09-09T23:59,Andy,KV09 7RA,ARCHIVED
Amazon,2023-09-09T23:30,2023-09-09T23:59,Mark,KV09 7RA,ARCHIVED
Amazon,2023-09-10T09:30,2023-09-10T10:00,Mark,KV09 7RA,ARCHIVED
Argos,2023-09-10T09:30,2023-09-10T12:00,Andy,VV67 1QF,ARCHIVED
Amazon,2023-09-10T10:00,2023-09-10T12:00,Mark,KV09 7RA,ARCHIVED
Amazon,2023-09-10T09:50,2023-09-10T10:00,Andy,VV67 1QF,ARCHIVED
Amazon,2023-09-12T13:00,2023-09-12T13:30,Andy,KV09 7RA,ACTIVE
Amazon,2023-09-12T13:00,2023-09-12T14:00,Mark,KG11 6AZ,ACTIVE
Amazon,2023-09-12T13:00,2023-09-12T13:30,Andy,KV09 7RA,ACTIVE
Amazon,2023-09-12T13:00,2023-09-12T14:00,Mark,KG11 6AZ,ACTIVE
Amazon,2023-09-12T13:30,2023-09-12T14:00,Kirsty,KZ13 6RP,PENDING
Amazon,2023-09-12T13:30,2023-09-12T14:00,Glyn,CI06 7RS,PENDING
